code,FCG,å›½å®¶,country
an,ğŸ‡¦ğŸ‡©,å®‰é“å°”,Andorra
af,ğŸ‡¦ğŸ‡«,é˜¿å¯Œæ±—,Afghanistan
al,ğŸ‡¦ğŸ‡±,é˜¿å°”å·´å°¼äºš,Albania
dz,ğŸ‡©ğŸ‡¿,é˜¿å°”åŠåˆ©äºš,Algeria
ad,ğŸ‡¦ğŸ‡©,å®‰é“å°”,Andorra
ao,ğŸ‡¦ğŸ‡´,å®‰å“¥æ‹‰,Angola
ai,ğŸ‡¦ğŸ‡®,å®‰åœ­æ‹‰,Anguilla
ag,ğŸ‡¦ğŸ‡¬,å®‰æç“œå’Œå·´å¸ƒè¾¾,Antigua and Barbuda
ar,ğŸ‡¦ğŸ‡·,é˜¿æ ¹å»·,Argentina
am,ğŸ‡¦ğŸ‡²,äºšç¾å°¼äºš,Armenia
aw,ğŸ‡¦ğŸ‡¼,é˜¿é²å·´å²›,Aruba
au,ğŸ‡¦ğŸ‡º,æ¾³å¤§åˆ©äºš,Australia
at,ğŸ‡¦ğŸ‡¹,å¥¥åœ°åˆ©,Austria
az,ğŸ‡¦ğŸ‡¿,é˜¿å¡æ‹œç–†,Azerbaijan
bs,ğŸ‡§ğŸ‡¸,å·´å“ˆé©¬,Bahamas
bh,ğŸ‡§ğŸ‡­,å·´æ—,Bahrain
bd,ğŸ‡§ğŸ‡©,å­ŸåŠ æ‹‰å›½,Bangladesh
bb,ğŸ‡§ğŸ‡§,å·´å·´å¤šæ–¯,Barbados
by,ğŸ‡§ğŸ‡¾,ç™½ä¿„ç½—æ–¯,Belarus
be,ğŸ‡§ğŸ‡ª,æ¯”åˆ©æ—¶,Belgium
bz,ğŸ‡§ğŸ‡¿,ä¼¯åˆ©å…¹,Belize
bj,ğŸ‡§ğŸ‡¯,è´å®,Benin
bm,ğŸ‡§ğŸ‡²,ç™¾æ…•å¤§,Bermuda
bt,ğŸ‡§ğŸ‡¹,ä¸ä¸¹,Bhutan
bo,ğŸ‡§ğŸ‡´,ç»åˆ©ç»´äºš,Bolivia
bq,ğŸ‡§ğŸ‡¶,åšå†…å°”å²›,"Bonaire, Sint Eustatius and Saba"
ba,ğŸ‡§ğŸ‡¦,æ³¢æ–¯å°¼äºšå’Œé»‘å¡å“¥ç»´é‚£,Bosnia and Herzegovina
bw,ğŸ‡§ğŸ‡¼,åšèŒ¨ç“¦çº³,Botswana
br,ğŸ‡§ğŸ‡·,å·´è¥¿,Brazil
io,ğŸ‡®ğŸ‡´,è‹±å±ç»´å°”äº¬ç¾¤å²›,British Indian Ocean Territory
bn,ğŸ‡§ğŸ‡³,æ–‡è±,Brunei Darussalam
bg,ğŸ‡§ğŸ‡¬,ä¿åŠ åˆ©äºš,Bulgaria
bf,ğŸ‡§ğŸ‡«,å¸ƒåŸºçº³æ³•ç´¢,Burkina Faso
mm,ğŸ‡²ğŸ‡²,ç¼…ç”¸,Myanmar
bi,ğŸ‡§ğŸ‡®,å¸ƒéš†è¿ª,Burundi
kh,ğŸ‡°ğŸ‡­,æŸ¬åŸ”å¯¨,Cambodia
cm,ğŸ‡¨ğŸ‡²,å–€éº¦éš†,Cameroon
ca,ğŸ‡¨ğŸ‡¦,åŠ æ‹¿å¤§,Canada
cv,ğŸ‡¨ğŸ‡»,ä½›å¾—è§’,Cape Verde
ky,ğŸ‡°ğŸ‡¾,å¼€æ›¼ç¾¤å²›,Cayman Islands
cf,ğŸ‡¨ğŸ‡«,ä¸­éå…±å’Œå›½,Central African Republic
td,ğŸ‡¹ğŸ‡©,ä¹å¾—,Chad
cl,ğŸ‡¨ğŸ‡±,æ™ºåˆ©,Chile
cn,ğŸ‡¨ğŸ‡³,ä¸­å›½å¤§é™†,China
co,ğŸ‡¨ğŸ‡´,å“¥ä¼¦æ¯”äºš,Colombia
km,ğŸ‡°ğŸ‡²,ç§‘æ‘©ç½—å²›,Comoros
cg,ğŸ‡¨ğŸ‡¬,åˆšæœ,Congo
cr,ğŸ‡¨ğŸ‡·,å“¥æ–¯è¾¾é»åŠ ,Costa Rica
ci,ğŸ‡¨ğŸ‡®,è±¡ç‰™æµ·å²¸,CÃ´te D'Ivoire
hr,ğŸ‡­ğŸ‡·,å…‹ç½—åœ°äºš,Croatia
cu,ğŸ‡¨ğŸ‡º,å¤å·´,Cuba
cy,ğŸ‡¨ğŸ‡¾,å¡æµ¦è·¯æ–¯,Cyprus
cz,ğŸ‡¨ğŸ‡¿,æ·å…‹å…±å’Œå›½,Czech Republic
cd,ğŸ‡¨ğŸ‡©,åˆšæœæ°‘ä¸»å…±å’Œå›½,Congo
dk,ğŸ‡©ğŸ‡°,ä¸¹éº¦,Denmark
dj,ğŸ‡©ğŸ‡¯,å‰å¸ƒæ,Djibouti
dm,ğŸ‡©ğŸ‡²,å¤šç±³å°¼å…‹,Dominica
do,ğŸ‡©ğŸ‡´,å¤šç±³å°¼åŠ å…±å’Œå›½,Dominican Republic
ec,ğŸ‡ªğŸ‡¨,å„ç“œå¤šå°”,Ecuador
eg,ğŸ‡ªğŸ‡¬,åŸƒåŠ,Egypt
sv,ğŸ‡¸ğŸ‡»,è¨å°”ç“¦å¤š,El Salvador
gq,ğŸ‡¬ğŸ‡¶,èµ¤é“å‡ å†…äºš,Equatorial Guinea
er,ğŸ‡ªğŸ‡·,å„ç«‹ç‰¹é‡Œäºš,Eritrea
ee,ğŸ‡ªğŸ‡ª,çˆ±æ²™å°¼äºš,Estonia
et,ğŸ‡ªğŸ‡¹,åŸƒå¡ä¿„æ¯”äºš,Ethiopia
fj,ğŸ‡«ğŸ‡¯,æ–æµ,Fiji
fi,ğŸ‡«ğŸ‡®,èŠ¬å…°,Finland
fr,ğŸ‡«ğŸ‡·,æ³•å›½,France
ga,ğŸ‡¬ğŸ‡¦,åŠ è“¬,Gabon
gm,ğŸ‡¬ğŸ‡²,å†ˆæ¯”äºš,Gambia
ge,ğŸ‡¬ğŸ‡ª,æ ¼é²å‰äºš,Georgia
de,ğŸ‡©ğŸ‡ª,å¾·å›½,Germany
gh,ğŸ‡¬ğŸ‡­,åŠ çº³,Ghana
gr,ğŸ‡¬ğŸ‡·,å¸Œè…Š,Greece
gd,ğŸ‡¬ğŸ‡©,æ ¼æ—çº³è¾¾,Grenada
gt,ğŸ‡¬ğŸ‡¹,å±åœ°é©¬æ‹‰,Guatemala
gn,ğŸ‡¬ğŸ‡³,å‡ å†…äºš,Guinea
gw,ğŸ‡¬ğŸ‡¼,å‡ å†…äºšæ¯”ç»,Guinea-Bissau
gy,ğŸ‡¬ğŸ‡¾,åœ­äºšé‚£,Guyana
ht,ğŸ‡­ğŸ‡¹,æµ·åœ°,Haiti
va,ğŸ‡»ğŸ‡¦,ç½—é©¬æ•™å»·,Vatican City
hn,ğŸ‡­ğŸ‡³,æ´ªéƒ½æ‹‰æ–¯,Honduras
hk,ğŸ‡­ğŸ‡°,é¦™æ¸¯ç‰¹åˆ«è¡Œæ”¿åŒº,Hong Kong
hu,ğŸ‡­ğŸ‡º,åŒˆç‰™åˆ©,Hungary
is,ğŸ‡®ğŸ‡¸,å†°å²›,Iceland
in,ğŸ‡®ğŸ‡³,å°åº¦,India
id,ğŸ‡®ğŸ‡©,å°åº¦å°¼è¥¿äºš,Indonesia
ir,ğŸ‡®ğŸ‡·,ä¼Šæœ—,Iran
iq,ğŸ‡®ğŸ‡¶,ä¼Šæ‹‰å…‹,Iraq
ie,ğŸ‡®ğŸ‡ª,çˆ±å°”å…°,Ireland
il,ğŸ‡®ğŸ‡±,ä»¥è‰²åˆ—,Israel
it,ğŸ‡®ğŸ‡¹,æ„å¤§åˆ©,Italy
jm,ğŸ‡¯ğŸ‡²,ç‰™ä¹°åŠ ,Jamaica
jp,ğŸ‡¯ğŸ‡µ,æ—¥æœ¬,Japan
jo,ğŸ‡¯ğŸ‡´,çº¦æ—¦,Jordan
kz,ğŸ‡°ğŸ‡¿,å“ˆè¨å…‹æ–¯å¦,Kazakhstan
ke,ğŸ‡°ğŸ‡ª,è‚¯å°¼äºš,Kenya
ki,ğŸ‡°ğŸ‡®,åŸºé‡Œå·´æ–¯,Kiribati
kw,ğŸ‡°ğŸ‡¼,ç§‘å¨ç‰¹,Kuwait
kg,ğŸ‡°ğŸ‡¬,å‰å°”å‰æ–¯æ–¯å¦,Kyrgyzstan
la,ğŸ‡±ğŸ‡¦,è€æŒ,Lao People's Democratic Republic
lv,ğŸ‡±ğŸ‡»,æ‹‰è„±ç»´äºš,Latvia
lb,ğŸ‡±ğŸ‡§,é»å·´å«©,Lebanon
ls,ğŸ‡±ğŸ‡¸,è±ç´¢æ‰˜,Lesotho
lr,ğŸ‡±ğŸ‡·,åˆ©æ¯”é‡Œäºš,Liberia
ly,ğŸ‡±ğŸ‡¾,åˆ©æ¯”äºš,Libya
li,ğŸ‡±ğŸ‡®,åˆ—æ”¯æ•¦å£«ç™»,Liechtenstein
lt,ğŸ‡±ğŸ‡¹,ç«‹é™¶å®›,Lithuania
lu,ğŸ‡±ğŸ‡º,å¢æ£®å ¡,Luxembourg
mo,ğŸ‡²ğŸ‡´,æ¾³é—¨ç‰¹åˆ«è¡Œæ”¿åŒº,Macao
mk,ğŸ‡²ğŸ‡°,é©¬å…¶é¡¿,Macedonia
mg,ğŸ‡²ğŸ‡¬,é©¬è¾¾åŠ æ–¯åŠ ,Madagascar
mw,ğŸ‡²ğŸ‡¼,é©¬æ‹‰ç»´,Malawi
my,ğŸ‡²ğŸ‡¾,é©¬æ¥è¥¿äºš,Malaysia
mv,ğŸ‡²ğŸ‡»,é©¬å°”ä»£å¤«,Maldives
ml,ğŸ‡²ğŸ‡±,é©¬é‡Œ,Mali
mt,ğŸ‡²ğŸ‡¹,é©¬è€³ä»–,Malta
mh,ğŸ‡²ğŸ‡­,é©¬ç»å°”ç¾¤å²›,Marshall Islands
mq,ğŸ‡²ğŸ‡¶,é©¬æå°¼å…‹å²›,Martinique
mr,ğŸ‡²ğŸ‡·,æ¯›é‡Œå¡”å°¼äºš,Mauritania
mu,ğŸ‡²ğŸ‡º,æ¯›é‡Œæ±‚æ–¯,Mauritius
mx,ğŸ‡²ğŸ‡½,å¢¨è¥¿å“¥,Mexico
fm,ğŸ‡«ğŸ‡²,å¯†å…‹ç½—å°¼è¥¿äºšï¼ˆè”é‚¦ï¼‰,Micronesia
md,ğŸ‡²ğŸ‡©,æ‘©å°”å¤šç“¦,Moldova
mc,ğŸ‡²ğŸ‡¨,æ‘©çº³å“¥,Monaco
mn,ğŸ‡²ğŸ‡³,è’™å¤,Mongolia
me,ğŸ‡²ğŸ‡ª,é»‘å±±,Montenegro
ma,ğŸ‡²ğŸ‡¦,æ‘©æ´›å“¥,Morocco
mz,ğŸ‡²ğŸ‡¿,è«æ¡‘æ¯”å…‹,Mozambique
,ğŸ‡³ğŸ‡¦,çº³ç±³æ¯”äºš,Namibia
nr,ğŸ‡³ğŸ‡·,ç‘™é²,Nauru
np,ğŸ‡³ğŸ‡µ,å°¼æ³Šå°”,Nepal
nl,ğŸ‡³ğŸ‡±,è·å…°,Netherlands
nc,ğŸ‡³ğŸ‡¨,æ–°å–€é‡Œå¤šå°¼äºš,New Caledonia
nz,ğŸ‡³ğŸ‡¿,æ–°è¥¿å…°,New Zealand
ni,ğŸ‡³ğŸ‡®,å°¼åŠ æ‹‰ç“œ,Nicaragua
ne,ğŸ‡³ğŸ‡ª,å°¼æ—¥å°”,Niger
ng,ğŸ‡³ğŸ‡¬,å°¼æ—¥åˆ©äºš,Nigeria
kp,ğŸ‡°ğŸ‡µ,æœé²œ,North Korea
no,ğŸ‡³ğŸ‡´,æŒªå¨,Norway
om,ğŸ‡´ğŸ‡²,é˜¿æ›¼,Oman
pk,ğŸ‡µğŸ‡°,å·´åŸºæ–¯å¦,Pakistan
ps,ğŸ‡µğŸ‡¸,å·´å‹’æ–¯å¦æƒåŠ›æœºæ„ï¼ˆåŠ æ²™ï¼‰,Palestinian Territory
pa,ğŸ‡µğŸ‡¦,å·´æ‹¿é©¬,Panama
pg,ğŸ‡µğŸ‡¬,å·´å¸ƒäºšæ–°å‡ å†…äºš,Papua New Guinea
py,ğŸ‡µğŸ‡¾,å·´æ‹‰åœ­,Paraguay
pe,ğŸ‡µğŸ‡ª,ç§˜é²,Peru
ph,ğŸ‡µğŸ‡­,è²å¾‹å®¾,Philippines
pl,ğŸ‡µğŸ‡±,æ³¢å…°,Poland
pt,ğŸ‡µğŸ‡¹,è‘¡è„ç‰™,Portugal
pr,ğŸ‡µğŸ‡·,æ³¢å¤šé»å„,Puerto Rico
qa,ğŸ‡¶ğŸ‡¦,å¡å¡”å°”,Qatar
ro,ğŸ‡·ğŸ‡´,ç½—é©¬å°¼äºš,Romania
ru,ğŸ‡·ğŸ‡º,ä¿„ç½—æ–¯,Russia
rw,ğŸ‡·ğŸ‡¼,å¢æ—ºè¾¾,Rwanda
ws,ğŸ‡¼ğŸ‡¸,è¨æ‘©äºš,Samoa
sm,ğŸ‡¸ğŸ‡²,åœ£é©¬åŠ›è¯º,San Marino
st,ğŸ‡¸ğŸ‡¹,åœ£å¤šç¾å’Œæ™®æ—è¥¿æ¯”,Sao Tome and Principe
sa,ğŸ‡¸ğŸ‡¦,æ²™ç‰¹é˜¿æ‹‰ä¼¯,Saudi Arabia
sn,ğŸ‡¸ğŸ‡³,å¡å†…åŠ å°”,Senegal
rs,ğŸ‡·ğŸ‡¸,å¡å°”ç»´äºš,Serbia
sc,ğŸ‡¸ğŸ‡¨,å¡èˆŒå°”,Seychelles
sl,ğŸ‡¸ğŸ‡±,å¡æ‹‰åˆ©æ˜‚,Sierra Leone
sg,ğŸ‡¸ğŸ‡¬,æ–°åŠ å¡,Singapore
sk,ğŸ‡¸ğŸ‡°,æ–¯æ´›ä¼å…‹,Slovakia
si,ğŸ‡¸ğŸ‡®,æ–¯æ´›æ–‡å°¼äºš,Slovenia
sb,ğŸ‡¸ğŸ‡§,æ‰€ç½—é—¨ç¾¤å²›,Solomon Islands
so,ğŸ‡¸ğŸ‡´,ç´¢é©¬é‡Œ,Somalia
za,ğŸ‡¿ğŸ‡¦,å—é,South Africa
kr,ğŸ‡°ğŸ‡·,éŸ©å›½,South Korea
ss,ğŸ‡¸ğŸ‡¸,å—è‹ä¸¹,South Sudan
es,ğŸ‡ªğŸ‡¸,è¥¿ç­ç‰™,Spain
lk,ğŸ‡±ğŸ‡°,æ–¯é‡Œå…°å¡,Sri Lanka
kn,ğŸ‡°ğŸ‡³,åœ£åŸºèŒ¨å’Œå°¼ç»´æ–¯,Saint Kitts and Nevis
lc,ğŸ‡±ğŸ‡¨,åœ£å¢è¥¿äºš,Saint Lucia
vc,ğŸ‡»ğŸ‡¨,åœ£æ–‡æ£®ç‰¹å’Œæ ¼æ—çº³ä¸æ–¯,Saint Vincent and The Grenadines
sd,ğŸ‡¸ğŸ‡©,è‹ä¸¹,Sudan
sr,ğŸ‡¸ğŸ‡·,è‹é‡Œå—,Suriname
sz,ğŸ‡¸ğŸ‡¿,åŸƒæ–¯ç“¦è’‚å°¼,Swaziland
se,ğŸ‡¸ğŸ‡ª,ç‘å…¸,Sweden
ch,ğŸ‡¨ğŸ‡­,ç‘å£«,Switzerland
sy,ğŸ‡¸ğŸ‡¾,å™åˆ©äºš,Syrian Arab Republic
pf,ğŸ‡µğŸ‡«,å¡”å¸Œæ,French Polynesia
tw,ğŸ‡¹ğŸ‡¼,å°æ¹¾,Taiwan
tj,ğŸ‡¹ğŸ‡¯,å¡”å‰å…‹æ–¯å¦,Tajikistan
tz,ğŸ‡¹ğŸ‡¿,å¦æ¡‘å°¼äºš,Tanzania
th,ğŸ‡¹ğŸ‡­,æ³°å›½,Thailand
tl,ğŸ‡¹ğŸ‡±,ä¸œå¸æ±¶,Timor-Leste
tg,ğŸ‡¹ğŸ‡¬,å¤šå“¥,Togo
to,ğŸ‡¹ğŸ‡´,æ±¤åŠ ,Tonga
tt,ğŸ‡¹ğŸ‡¹,ç‰¹ç«‹å°¼è¾¾å’Œå¤šå·´å“¥,Trinidad and Tobago
tn,ğŸ‡¹ğŸ‡³,çªå°¼æ–¯,Tunisia
tr,ğŸ‡¹ğŸ‡·,åœŸè€³å…¶,Turkey
tm,ğŸ‡¹ğŸ‡²,åœŸåº“æ›¼æ–¯å¦,Turkmenistan
tc,ğŸ‡¹ğŸ‡¨,ç‰¹å…‹æ–¯å’Œå‡¯ç§‘æ–¯ç¾¤å²›,Turks and Caicos Islands
tv,ğŸ‡¹ğŸ‡»,å›¾ç“¦å¢,Tuvalu
ug,ğŸ‡ºğŸ‡¬,ä¹Œå¹²è¾¾,Uganda
ua,ğŸ‡ºğŸ‡¦,ä¹Œå…‹å…°,Ukraine
ae,ğŸ‡¦ğŸ‡ª,é˜¿æ‹‰ä¼¯è”åˆé…‹é•¿å›½,United Arab Emirates
gb,ğŸ‡¬ğŸ‡§,è‹±å›½,United Kingdom
us,ğŸ‡ºğŸ‡¸,ç¾å›½,United States
uy,ğŸ‡ºğŸ‡¾,ä¹Œæ‹‰åœ­,Uruguay
vi,ğŸ‡»ğŸ‡®,ç¾å±ç»´å°”äº¬ç¾¤å²›,"Virgin Islands, U.S."
uz,ğŸ‡ºğŸ‡¿,ä¹Œå…¹åˆ«å…‹æ–¯å¦,Uzbekistan
vu,ğŸ‡»ğŸ‡º,ç“¦åŠªé˜¿å›¾,Vanuatu
ve,ğŸ‡»ğŸ‡ª,å§”å†…ç‘æ‹‰,Venezuela
vn,ğŸ‡»ğŸ‡³,è¶Šå—,Viet Nam
ye,ğŸ‡¾ğŸ‡ª,ä¹Ÿé—¨,Yemen
zm,ğŸ‡¿ğŸ‡²,èµæ¯”äºš,Zambia
zw,ğŸ‡¿ğŸ‡¼,æ´¥å·´å¸ƒéŸ¦,Zimbabwe
